Settlement Date,Expiry Date,,,,,,,,,,,,,
09-01-04,,,,,,,,,,,,,,
12-01-04,29-11-04,,,,,,,,,,,,,
03-01-05,25-02-05,,,,,,,,,,,,,
06-01-05,27-05-05,,,,,,,,,,,,,
09-01-05,30-08-05,,,,,,,,,,,,,
12-01-05,29-11-05,,,,,,,,,,,,,
03-01-06,27-02-06,,,,,,,,,,,,,
06-01-06,30-05-06,,,,,,,,,,,,,
09-01-06,30-08-06,,,,,,,,,,,,,
12-01-06,29-11-06,,,,,,,,,,,,,
03-01-07,27-02-07,,,,,,,,,,,,,
06-01-07,30-05-07,,,,,,,,,,,,,
09-04-07,31-08-07,,,,,,,,,,,,,
12-03-07,29-11-07,,,,,,,,,,,,,
03-03-08,28-02-08,,,,,,,,,,,,,
06-02-08,29-05-08,,,,,,,,,,,,,
09-02-08,29-08-08,,,,,,,,,,,,,
12-01-08,27-11-08,,,,,,,,,,,,,
03-02-09,26-02-09,,,,,,,,,,,,,
06-01-09,28-05-09,,,,,,,,,,,,,
09-01-09,27-08-09,,,,,,,,,,,,,
12-01-09,27-11-09,,,,,,,,,,,,,
03-01-10,25-02-10,,,,,,,,,,,,,
06-01-10,27-05-10,,,,,,,,,,,,,
09-01-10,27-08-10,,,,,,,,,,,,,
12-01-10,29-11-10,,,,,,,,,,,,,
03-01-11,25-02-11,,,,,,,,,,,,,
06-01-11,27-05-11,,,,,,,,,,,,,j
09-01-11,30-08-11,,,,,,,,,,,,,
12-01-11,29-11-11,,,,,,,,,,,,,
03-01-12,28-02-12,,,,,,,,,,,,,
06-01-12,30-05-12,,,,,,,,,,,,,
09-04-12,31-08-12,,,,,,,,,,,,,
12-03-12,29-11-12,,,,,,,,,,,,,
03-01-13,27-02-13,,,,,,,,,,,,,
06-03-13,30-05-13,,,,,,,,,,,,,
09-03-13,30-08-13,,,,,,,,,,,,,
12-02-13,28-11-13,,,,,,,,,,,,,
03-03-14,27-02-14,,,,,,,,,,,,,
06-02-14,29-05-14,,,,,,,,,,,,,
09-02-14,29-08-14,,,,,,,,,,,,,
12-01-14,27-11-14,,,,,,,,,,,,,
03-02-15,26-02-15,,,,,,,,,,,,,
06-01-15,28-05-15,,,,,,,,,,,,,
09-01-15,27-08-15,,,,,,,,,,,,,
12-01-15,27-11-15,,,,,,,,,,,,,
03-01-16,26-02-16,,,,,,,,,,,,,
06-01-16,27-05-16,,,,,,,,,,,,,
09-01-16,30-08-16,,,,,,,,,,,,,
12-01-16,29-11-16,,,,,,,,,,,,,
03-01-17,27-02-17,,,,,,,,,,,,,
06-01-17,30-05-17,,,,,,,,,,,,,
09-01-17,30-08-17,,,,,,,,,,,,,
12-01-17,29-11-17,,,,,,,,,,,,,
03-01-18,27-02-18,,,,,,,,,,,,,
06-01-18,30-05-18,,,,,,,,,,,,,
09-04-18,31-08-18,,,,,,,,,,,,,
12-03-18,29-11-18,,,,,,,,,,,,,
03-01-19,27-02-19,,,,,,,,,,,,,
06-03-19,30-05-19,,,,,,,,,,,,,
09-03-19,30-08-19,,,,,,,,,,,,,
12-02-19,28-11-19,,,,,,,,,,,,,
03-02-20,27-02-20,,,,,,,,,,,,,
06-01-20,28-05-20,,,,,,,,,,,,,
09-01-20,27-08-20,,,,,,,,,,,,,
12-01-20,27-11-20,,,,,,,,,,,,,
03-01-21,25-02-21,,,,,,,,,,,,,
06-01-21,27-05-21,,,,,,,,,,,,,
09-01-21,27-08-21,,,,,,,,,,,,,
12-01-21,29-11-21,,,,,,,,,,,,,
03-01-22,25-02-22,,,,,,,,,,,,,
06-01-22,27-05-22,,,,,,,,,,,,,
09-01-22,30-08-22,,,,,,,,,,,,,
12-01-22,29-11-22,,,,,,,,,,,,,
03-01-23,27-02-23,,,,,,,,,,,,,
06-01-23,30-05-23,,,,,,,,,,,,,
09-01-23,30-08-23,,,,,,,,,,,,,
12-01-23,29-11-23,,,,,,,,,,,,,
03-01-24,28-02-24,,,,,,,,,,,,,
06-03-24,30-05-24,,,,,,,,,,,,,
09-03-24,30-08-24,,,,,,,,,,,,,
12-02-24,28-11-24,,,,,,,,,,,,,
03-03-25,27-02-25,,,,,,,,,,,,,
06-02-25,29-05-25,,,,,,,,,,,,,
09-02-25,29-08-25,,,,,,,,,,,,,
12-01-25,27-11-25,,,,,,,,,,,,,
03-02-26,26-02-26,,,,,,,,,,,,,
06-01-26,28-05-26,,,,,,,,,,,,,
09-01-26,27-08-26,,,,,,,,,,,,,
12-01-26,27-11-26,,,,,,,,,,,,,
03-01-27,25-02-27,,,,,,,,,,,,,
06-01-27,27-05-27,,,,,,,,,,,,,
09-01-27,27-08-27,,,,,,,,,,,,,
12-01-27,29-11-27,,,,,,,,,,,,,
03-01-28,28-02-28,,,,,,,,,,,,,
06-01-28,30-05-28,,,,,,,,,,,,,
09-01-28,30-08-28,,,,,,,,,,,,,
12-01-28,29-11-28,,,,,,,,,,,,,
03-01-29,27-02-29,,,,,,,,,,,,,
06-01-29,30-05-29,,,,,,,,,,,,,
09-04-29,31-08-29,,,,,,,,,,,,,
12-03-29,29-11-29,,,,,,,,,,,,,
03-01-30,27-02-30,,,,,,,,,,,,,
06-03-30,30-05-30,,,,,,,,,,,,,
09-03-30,30-08-30,,,,,,,,,,,,,
12-02-30,28-11-30,,,,,,,,,,,,,
03-03-31,27-02-31,,,,,,,,,,,,,
06-02-31,29-05-31,,,,,,,,,,,,,
09-02-31,29-08-31,,,,,,,,,,,,,
12-01-31,27-11-31,,,,,,,,,,,,,
03-01-32,26-02-32,,,,,,,,,,,,,
06-01-32,27-05-32,,,,,,,,,,,,,
09-01-32,27-08-32,,,,,,,,,,,,,
12-01-32,29-11-32,,,,,,,,,,,,,
03-01-33,25-02-33,,,,,,,,,,,,,
06-01-33,27-05-33,,,,,,,,,,,,,
09-01-33,30-08-33,,,,,,,,,,,,,
12-01-33,29-11-33,,,,,,,,,,,,,
03-01-34,27-02-34,,,,,,,,,,,,,
06-01-34,30-05-34,,,,,,,,,,,,,
09-01-34,30-08-34,,,,,,,,,,,,,
12-01-34,29-11-34,,,,,,,,,,,,,
